{
  "t0": {
    "degrees": "0",
    "viewBox": "0 0 720 1280"
  },
  "t1": {
    "degrees": "0",
    "viewBox": "0 225 370 523",
    "A": [-16.667279, -49.225218],
    "B": [-16.667279, -49.225218],
    "C": [-16.667279, -49.225218],
    "D": [-16.667279, -49.225218],
    "E/A": [-16.667279, -49.225218],
    "F/B": [-16.667279, -49.225218]
  },
  "t2": {
    "degrees": "-90",
    "viewBox": "225 -720 327 370",
    "A": [-16.667279, -49.225218],
    "B": [-16.667279, -49.225218],
    "C": [-16.667279, -49.225218],
    "D": [-16.667279, -49.225218]
  },
  "t3": {
    "degrees": "90",
    "viewBox": "-1055 0 327 370",
    "C": [-16.667279, -49.225218],
    "D": [-16.667279, -49.225218],
    "E": [-16.667279, -49.225218],
    "F": [-16.667279, -49.225218]
  },
  "t4": {
    "degrees": "0",
    "viewBox": "350 532 370 523",
    "E/A": [-16.667279, -49.225218],
    "F/B": [-16.667279, -49.225218],
    "C": [-16.667279, -49.225218],
    "D": [-16.667279, -49.225218],
    "E": [-16.667279, -49.225218],
    "F": [-16.667279, -49.225218]
  }
}
